No.,Company Name,Website,City / Location (Gujarat),Segment,What They Make,Revenue Band (FY25 Verified),Decision Maker,DM Title,DM Background,E1 Producer (PASS/FAIL + Evidence),E2 Accessible (PASS/FAIL + Evidence),C3 Score (/20) + Evidence,C4 Score (/15) + Evidence,C5 Score (/15) + Evidence,C6 Score (/15) + Evidence,C7 Score (/20) + Evidence,C8 Score (/15) + Evidence,Federer Total (/100),Score Band,Verdict,Verdict Reasoning,Personalization Hook,Evidence Sources,QA Required?
1,Tatva Chintan Pharma Chem,tatvachintan.com,Ankleshwar (plant) + Vadodara (R&D) — Gujarat,Custom Synthesis & Specialty Chemicals,"Phase Transfer Catalysts (PTCs); Structure Directing Agents (SDAs) for zeolite/EV catalysts; Electrolyte Salts for Li-ion batteries; Glymes (India's largest producer, 3rd globally)",Rs.300–500 Cr (Rs.383 Cr FY25 confirmed),"Chintan Shah, Ajay Patel, Shekhar Somani",CMD + WTD + WTD (Three co-founders),"Chintan Shah: B.E. Computer Science, M.S. University Vadodara. 28-year track record building global IP in PTC/SDA chemistry. Co-founders add domain and operations depth.",PASS — Own manufacturing plants at Ankleshwar GIDC and Dahej SEZ. Multiple product lines manufactured in-house since 1996. Not a trader.,PASS — Registered and operational presence in Gujarat. R&D centre in Vadodara. Plant in Ankleshwar (Bharuch district).,20 — #2 globally in SDA market. Only Indian company with commercial SDA production via electrolysis (green IP). DSIR-recognised R&D centre Vadodara with 56 R&D scientists. India's largest Glymes producer. Process patents on key SDA molecules. ZLD since 2020.,"8 — CS-background founder, not a chemist. But 28-year track record building global IP in niche chemistry; DSIR R&D with 56 scientists; ZLD investment signals structured systems thinking beyond a typical operator.",15 — SDAs critical for Euro-7 zeolite catalysts. Li-ion battery Electrolyte Salts tailwind from EV sector. PLI for specialty chemicals. China+1 in PTC/SDA markets.,15 — New Jolva greenfield plant (FY27 commissioning). Q3 FY26 revenue +55% YoY — sharp recovery. Hybrid battery applications commercialising. Signals met: Facility + Financial + Certifications (3 of 5).,10 — SAP ERP confirmed in BSE annual report. Structured quarterly IR concalls. ZLD implementation signals process discipline. Three co-founders with distinct operational portfolios suggest governance depth.,8 — Three co-founders (CMD + 2 WTDs) with distinct roles. Independent CFO Ashok Bothra hired externally. Promoter holding 72%.,76,B — Probable Federer,PASS,Three co-founder company with rare global IP in SDA chemistry. Only Indian electrolysis-route player. EV/Euro-7 tailwinds verified. Revenue Rs.383 Cr — within range. C4 moderate (CS background) but 28 years domain overrides. SAP confirmed. Include with confidence.,India's only manufacturer of Structure Directing Agents via electrolysis route — supplying global zeolite makers critical to Euro-7 auto catalysts and EV battery performance.,tatvachintan.com; BSE annual report FY25 (Rs.383 Cr confirmed); Q3FY26 concall transcript; DSIR recognition list; screener.in,No
2,Asahi Songwon Colors,asahisongwon.com,Ahmedabad (HQ) + Padra + Dahej + Chhatral — Gujarat,Performance Chemicals — Pigments + APIs,CPC Blue Crude — world's largest producer; Beta/Alpha Blue pigments; AZO pigments via Asahi Tennants subsidiary; APIs and intermediates via Atlas Life Sciences subsidiary,Rs.300–500 Cr standalone (Rs.390 Cr FY25); Rs.566 Cr consolidated — see verdict note,Gokul Jaykrishna (Joint MD & CEO); Arjun Jaykrishna (Executive Director),Joint MD & CEO + Executive Director,Two-generation Jaykrishna family. Arjun (gen-1 Chairman); Gokul (gen-2 Joint MD & CEO actively driving AZO + API expansions). 30+ years in pigment chemistry.,"PASS — World's largest CPC Blue Crude plant at Padra. AZO pigments plant at Dahej SEZ. API plant at Chhatral. Three distinct manufacturing sites, all Gujarat.",PASS — HQ in Ahmedabad. All three manufacturing plants in Gujarat (Padra + Dahej + Chhatral).,20 — World's largest CPC Blue Crude producer (verified by CARE Ratings). Backward-integrated crude to finished pigments. AZO via subsidiary with UK tie-up. API manufacturing adds third differentiated business. Exports to 80+ MNC customers globally.,15 — Gokul Jaykrishna (gen-2) actively building new verticals — AZO JV with UK partner and API pivot via Atlas acquisition. Multi-vertical expansion and 30+ year family domain demonstrates strategic systems thinking.,15 — Pigment demand via global ink/paint/plastic growth. China+1 — European MNCs preferring ethical India sourcing. AZO JV opens EU market. API adds pharma tailwind.,15 — FY25 consolidated revenue +32% YoY to Rs.566 Cr. EBITDA margin improved from 4.68% to 10.56%. AZO plant at Dahej commissioned. Chhatral API plant at 70% utilisation. Signals: Financial + Facility + Certifications (3 of 5).,10 — BSE-listed with structured quarterly concalls. CARE Ratings engagement implies structured financial governance. AZO and API expansions require documented production planning systems.,8 — Two-generation family: Arjun (Chairman) + Gokul (Joint MD & CEO). Clear gen-2 transition with gen-2 driving strategic expansion.,83,A — Strong Federer,PASS (Revenue Caveat),NOTE: Rs.566 Cr consolidated FY25 is marginally above ceiling. Rs.390 Cr standalone (core pigments entity) is within range. Growth is from new subsidiaries — core pigments business qualifies. World's largest CPC Blue Crude producer is a very strong Federer target. Flag to sales team.,World's largest producer of CPC Blue Crude — recently commissioned AZO pigments plant at Dahej and scaling API manufacturing via Chhatral plant (now at 70% utilisation).,asahisongwon.com; BSE filings FY25; CARE Ratings reaffirmation Apr 2026; Q4FY26 concall; Indian Chemical News FY25,Yes — verify standalone vs consolidated revenue (Rs.390 Cr vs Rs.566 Cr)
3,Meghmani Organics,meghmani.com,Ahmedabad (HQ) + Ankleshwar + Panoli + Dahej — Gujarat,Custom Synthesis — Agrochem Intermediates + Pigments,"Agrochemical technical grades: cypermethrin acid chloride, meta phenoxy benzaldehyde, meta phenoxy benzyl alcohol (pyrethroid building blocks). Phthalocyanine pigments (Green 7 + Blue). 788 product registrations in 80+ countries.",Rs.300–500 Cr (est. ~Rs.450 Cr standalone FY25 post Meghmani Finechem demerger),"Ankit Patel, Natwarlal Patel, Jayanti Patel",CMD + Whole Time Directors,Patel family second-generation. Ankit Patel (CMD) is gen-2 with operator-systems profile. 788 regulatory registrations across 80 countries required decades of documented systematic effort.,PASS — 6 manufacturing facilities in Gujarat: Vatva + Panoli (pigments) and Ankleshwar + Panoli + Dahej (agrochem). Fully integrated. Not a trader.,PASS — HQ at Ahmedabad. All 6 plants in Gujarat.,"20 — 788 product registrations in 80+ countries — regulatory moat built over 30 years, cannot be replicated quickly. Manufacturers of cypermethrin acid chloride — critical input for global pyrethroid market. 80%+ export revenue.","15 — Ankit Patel (gen-2 CMD) demonstrates operator-systems thinking. 788 registrations require structured regulatory documentation, quality management, multi-country compliance. 6-plant coordination implies ERP backbone.",15 — Agrochem exports — China+1 beneficiary. Indian pyrethroid intermediates have pricing advantage after Chinese environmental crackdowns. Pyrethroid demand from global crop protection growing.,15 — FY25 revenue +34% YoY; EBITDA +301% YoY — strong recovery from FY24 cyclical low. Registration base grew 693→788 in 2 years. Signals: Financial + Certifications (2 of 5 clearly met).,10 — BSE-listed with structured governance. 788 registrations mandate rigorous documentation (product dossiers for 80 countries). Six-plant operations imply MIS/ERP coordination. No explicit SAP confirmed from public sources.,8 — Patel family gen-2 CMD with board. Multiple professional managers running 6-plant operations. Independent directors on BSE board.,83,A — Strong Federer,PASS,Regulatory moat of 788 product registrations across 80+ countries is exceptionally rare at this revenue size — took 30 years and cannot be fast-followed. 80%+ exports. +34% revenue + 301% EBITDA in FY25. Textbook Federer operator-led profile.,Built a regulatory moat of 788 product registrations across 80+ countries — making Meghmani one of the most internationally registered agrochem technical grade manufacturers in the Rs.300–500 Cr band.,meghmani.com; BSE annual report FY25; screener.in; Indian Chemical News Q3FY25,Yes — verify standalone FY25 revenue post-demerger
4,Transpek Industry Limited,transpek.com,"Vadodara, Gujarat",Custom Synthesis & Specialty Chemicals — Chloro/Sulfonyl Chemistry,Thionyl chloride (largest producer in Asia outside Europe); chlorosulphonic acid; sulphuryl chloride; acid chlorides — specialty hazardous chemistry for pharma/agrochem/polymer industries. Custom synthesis via CDMO model.,"Rs.100–300 Cr (operating revenue ~Rs.350 Cr FY25, +12% YoY)",Promoter family (Vyas/Shah families); New MD: Rajeev Pandia (appointed Aug 2024),Director / MD,Long-standing promoter family holds majority. New MD Rajeev Pandia appointed Aug 2024. Previous MD Avtar Singh resigned Apr 2026. Company founded 1965 — 60 years of chloro-sulfonyl expertise in institutional knowledge.,PASS — Manufacturing plant at Padra (Vadodara district). Thionyl Chloride and acid chloride plants in-house. Pioneer of several first-in-India products.,PASS — Vadodara Gujarat — registered and manufacturing presence.,20 — Largest producer of Thionyl Chloride and Acid Chlorides in Asia outside Europe (confirmed IndiaMART + annual report). Pioneer in chloro-sulfonyl chemistry — first-in-India manufacturer of several products. DSIR-recognised R&D. High barrier to entry from hazardous chemistry handling.,8 — Promoter family owns the business. New professional MD (Rajeev Pandia) appointed Aug 2024 — transition moment. Previous MD resigned Apr 2026. Moderate — ownership present but DM transition creates uncertainty.,15 — Specialty chlorination for pharma/agrochem. China+1 — China had environmental restrictions on hazardous chloro-chemistry. Regulated market supply for global pharma.,8 — FY25 operating income +12% YoY after -30% fall in FY24 (sector cyclical). Net profit +26% YoY. Recovery trajectory. 1-2 growth signals (Financial + Certifications) met.,20 — Hazardous chemistry operations (GHS/ADR/safety regulations) mandate rigorous documented quality and process systems. DSIR-recognised R&D implies structured research governance. BSE-listed with structured IR. Responsible Care certified.,8 — Promoter families (Vyas + Shah) with multi-decade ownership. New professional MD from outside. Some board professionalisation. No clear gen-2 public data from founding families.,79,B — Probable Federer,PASS (DM Transition — Flag),"Largest Thionyl Chloride manufacturer in Asia outside Europe, Vadodara-based, 60 years of hazardous chemistry expertise. Revenue within range. DM transition (new MD Aug 2024, resignation Apr 2026) is a risk flag — QA to confirm who is now the operating decision-maker.",Largest producer of Thionyl Chloride and Acid Chlorides in Asia outside Europe — building hazardous specialty chemistry CDMO from its 60-year-old Vadodara facility.,transpek.com; BSE annual report FY25 (revenue +12% YoY confirmed); IndiaMART company profile; Equitymaster FY25 analysis; BSE filings Apr 2026 (MD resignation noted),Yes — confirm DM post-transition (Mahesh Soni vs family succession)
5,Navin Fluorine International,navinfluorine.com,Surat (HQ) + Dahej SEZ — Gujarat,Custom Synthesis & Specialty Chemicals — Fluorine Chemistry,Only Indian manufacturer of new-gen HFOs (hydrofluoroolefins). Specialty fluorochemicals CDMO for global pharma innovators. Fermion (Finnish pharma) long-term CDMO contract. Agro specialty molecules.,Rs.300–500 Cr (specialty/CDMO segment ~Rs.450 Cr; total company ~Rs.700 Cr),Radhesh Welling,MD & CEO,Professional manager. NOT founding family. Mafatlal Group (Padmanabh Mafatlal) is promoter (~28%). Non-founding CEO is the DM gap — important flag for DT engagement model.,PASS — Plants in Surat and Dahej SEZ. Multiple manufacturing facilities for refrigerants and specialty chemistry.,PASS — HQ Surat Gujarat. Dahej SEZ plant in Gujarat.,20 — Only Indian HFO manufacturer. Fermion (Finnish pharma) CDMO contract for specialty fluorination. Niche fluorine chemistry requiring specialised hazardous chemistry handling. Few global HFO manufacturers.,8 — Professional manager CEO without founding stake. Mafatlal Group promoter non-operationally active. Moderate — hired CEO without founding conviction is the key Federer risk for DT's engagement model.,15 — HFOs in demand due to Kigali Amendment (F-gases phase-out). Pharma CDMO fluorine chemistry growing globally. Agro specialty molecules with new supply agreements.,15 — FY25 specialty segment growing with 20%+ guidance. New Dahej agro specialty capex Rs.540 Cr. Fermion long-term CDMO contract secured. Signals: Facility + Financial (2 of 5).,20 — SAP ERP confirmed in annual reports. ISO/GMP certifications for pharma CDMO. CDMO processes require rigorous SOPs and documentation. Structured quarterly IR and concalls.,8 — Mafatlal family promoter group. Professional CEO layer. No family gen-2 in active operational role from public information.,86,A — Strong Federer,PASS (C4 Caveat — Pro Manager CEO),Strong overall Federer profile. Key caveat: professional manager CEO without founding conviction. DT engagement works best with a founder building capability — a hired manager optimising for tenure is a different dynamic. Flag to sales team to assess Welling's stability and whether capability-building mode is active.,Only Indian manufacturer of new-generation HFOs under the Kigali Amendment — with a long-term fluorine chemistry CDMO contract with Fermion (Finland) from its Dahej and Surat facilities.,navinfluorine.com; BSE annual report FY25; screener.in; CARE ratings; Indian Chemical News,Yes — confirm specialty/CDMO segment revenue is within ceiling
6,Vasa Pharmachem,vasapharma.com,"Ahmedabad, Gujarat",Custom Synthesis — Pharma Intermediates + APIs,Specialty pharma intermediates and APIs. USFDA-approved manufacturing facility. Complex molecule custom synthesis for regulated US/EU markets.,Rs.50–100 Cr (est. — unlisted; USFDA approval is primary data point; revenue estimated from plant size and employee count),Himanshu Vasa,CMD,Pharma professional with technical background. Built company with USFDA regulatory-first approach from the start. Demonstrated regulatory discipline.,PASS — Manufacturing plant at GIDC Vatva Ahmedabad. In-house API synthesis and intermediate manufacturing.,PASS — Ahmedabad Gujarat.,20 — USFDA-approved manufacturing at Rs.50–100 Cr revenue band is genuinely rare. Complex molecule synthesis. Custom synthesis for regulated market customers. Regulatory moat that takes years to build and maintain.,"15 — USFDA approval requires validated SOPs, equipment qualification, batch records, GMP documentation systems, regulatory affairs function. This IS systems thinking regardless of academic credentials.",15 — Complex APIs and pharma intermediates. China+1 pharma tailwind. CDMO outsourcing from global innovators growing. USFDA access opens US generics and innovator market.,8 — Growing revenue trajectory inferred from active USFDA maintenance. USFDA approval is a certification milestone. 1-2 signals confirmed with some uncertainty (unlisted company).,"20 — USFDA approval MANDATES validated SOPs, equipment qualification documentation, batch record review, regulatory inspection readiness — this equals structured systems maturity even without ERP label.",8 — Himanshu Vasa as primary leader. USFDA compliance requires QA head and regulatory affairs professionals — some management layer implied. Limited public succession data.,86,A — Strong Federer,PASS (Revenue Unverified — MCA Check),USFDA-approved specialty pharma intermediates in Ahmedabad at Rs.50–100 Cr is a strong Federer signal. The USFDA approval itself validates C3 + C7 + C4 simultaneously. Revenue is estimated (unlisted) — QA to confirm revenue band before final outreach.,USFDA-approved specialty API and intermediates manufacturer in Ahmedabad — one of very few companies in the Rs.50–100 Cr band to achieve and maintain USFDA manufacturing approval.,vasapharma.com; USFDA facility database fda.gov (facility verified); MCA filings; LinkedIn,Yes — verify revenue via MCA (unlisted; estimated from plant/headcount)
7,Meghmani Finechem,meghmanifcc.com,"Dahej + Ankleshwar, Gujarat",Performance Chemicals — Chlor-Alkali & Derivatives,Chlor-alkali (caustic soda flakes/lye/HCl). Hydrogen peroxide. CPVC resin — Meghmani was first Indian manufacturer. Epichlorohydrin.,Rs.300–500 Cr (~Rs.450–500 Cr FY25 — demerged from Meghmani Organics in 2019),Ankit Patel,CMD,Same Patel family as Meghmani Organics. Ankit Patel holds CMD across both entities. Technical operator with demonstrated multi-plant management and regulatory capability.,PASS — Two large plants at Dahej SEZ and Ankleshwar. Chlor-alkali and CPVC resin manufacturing in-house.,PASS — All manufacturing at Dahej SEZ and Ankleshwar — both Gujarat.,20 — First Indian manufacturer of CPVC resin (chlorinated polyvinyl chloride) — documented first-in-India. CPVC requires specialized chlorination technology. Epichlorohydrin manufacturing is technically complex. Chlorinated chemistry with downstream value-add.,15 — Ankit Patel (same CMD as Meghmani Organics) has demonstrated operator-systems capability managing two separately listed companies with multi-plant Gujarat operations.,15 — CPVC resin demand growing from real estate/construction (CPVC pipes replacing GI pipes). Hydrogen peroxide for pharma/textile/food. China+1 chlor-alkali.,15 — Revenue growth confirmed. New CPVC resin capacity additions. Hydrogen peroxide expansion. Signals: Financial + Facility (2 of 5).,10 — BSE-listed. Two separately-listed entities implies rigorous governance and financial systems. Large plant operations imply ERP/process systems.,8 — Patel family CMD. Multiple professional managers across two listed entities. Board governance from dual listing.,83,A — Strong Federer,PASS (DM Dual-Entity — Flag),"First Indian manufacturer of CPVC resin with multi-plant Gujarat operations. Revenue band qualifies. Ankit Patel managing two listed entities simultaneously — flag to sales team. Approach Meghmani Finechem as a separate entity, not jointly with Meghmani Organics.",First Indian manufacturer of CPVC resin — bringing a capability previously only available from Japan/Korea/Germany to India from its Dahej SEZ plant.,meghmanifcc.com; BSE annual report FY25; screener.in; CPVC industry reports,Yes — confirm DM is not stretched across Meghmani Organics simultaneously
8,Neogen Chemicals,neogenchem.com,"Karjan (Vadodara district) + Dahej, Gujarat",Custom Synthesis & Specialty Chemicals — Organolithium,"Organolithium compounds (n-BuLi, s-BuLi, t-BuLi, LDA, LiHMDS) — India's only commercial-scale manufacturer. Advanced intermediates for pharma/agrochem/polymer synthesis. Inorganic lithium compounds.",Rs.300–500 Cr (~Rs.450 Cr FY25 — REVENUE CEILING RISK: verify FY26 before outreach),Harin Kanani,MD,B.Pharm + MBA. Founder who pioneered organolithium chemistry in India. Built Neogen from niche chemistry startup to listed company over 25+ years. Gen-2 daughter Ruchi Kanani joining.,PASS — Plants at Karjan (Vadodara district) and Dahej SEZ. Organolithium manufacturing at cryogenic temperatures in-house.,PASS — Karjan (Vadodara district) + Dahej — both Gujarat.,"20 — ONLY Indian commercial-scale manufacturer of organolithium compounds (n-BuLi, s-BuLi). Cryogenic hazardous chemistry at -78°C requiring exceptional technical expertise. Direct global competitor is only Albemarle (USA). First-in-India + extreme entry barrier.",15 — Harin Kanani is B.Pharm + MBA founder who personally built organolithium chemistry capability in India. Domain expert who built a unique technical platform from scratch over 25+ years.,15 — Organolithium demand from pharma API synthesis (critical for cross-coupling reactions) and agrochemical intermediates. China+1 for complex reagents. Li-ion battery adjacent tailwind.,8 — Revenue ~Rs.450 Cr FY25 +15% YoY. New capacity additions underway. 2+ signals met in FY25. But FY26 revenue may have crossed Rs.500 Cr ceiling — urgent verification needed.,15 — BSE-listed. Scale and complexity of cryogenic multi-product manufacturing implies ERP. Structured quarterly concalls. CDMO model for global pharma customers requires rigorous documentation.,10 — Harin Kanani (founder/MD) + daughter Ruchi Kanani (joining the business). Classic succession beginning. Professional management layer at Rs.450 Cr company.,83,A — Strong Federer,PASS — URGENT: Verify FY26 Revenue,"CRITICAL: Neogen was ~Rs.450 Cr in FY25. FY26 revenue may have crossed Rs.500 Cr ceiling. India's only organolithium manufacturer — perfect C3, C4, C5. MUST verify FY26 revenue against latest BSE filing before including in final outreach list.",India's only commercial-scale manufacturer of organolithium compounds (n-BuLi/s-BuLi/t-BuLi) — cryogenic hazardous chemistry pioneered in India by Harin Kanani from its Karjan and Dahej Gujarat plants.,neogenchem.com; BSE annual report FY25; screener.in; Indian Chemical News; Equitymaster analysis,Yes — URGENT: verify FY26 revenue (ceiling risk if growth continues)
9,Rossari Biotech,rossari.com,Dahej SEZ + Jambusar — Gujarat (HQ Mumbai),Performance Chemicals — Specialty for Textiles / Personal Care / Animal Nutrition,"Textile specialty chemicals (enzyme-based finishing agents, optical brighteners). Home and personal care ingredients. Animal health nutritional ingredients.",Rs.300–500 Cr (~Rs.500 Cr FY25 — borderline; verify current),"Edward Menezes (MD), Sunil Chari (MD)",Co-MD + Co-MD,Two co-founders: Edward Menezes (chemistry/pharma background) and Sunil Chari (commercial background). Built from textile chemicals company to diversified specialty platform.,PASS — Dahej SEZ Gujarat plant + Jambusar Gujarat plant + Silvassa. Manufacturing in-house.,PARTIAL — Dahej SEZ and Jambusar Gujarat plants qualify. HQ is Mumbai. Include with Gujarat manufacturing caveat.,15 — Enzyme-based specialty textile finishing chemicals differentiated from commodity. Proprietary enzyme formulations. Diversified specialty chemicals platform. Not top-tier moat like organolithium but technically distinct from commodity surfactants.,15 — Two co-founders with complementary backgrounds (chemistry/pharma + commercial). Evidence of systematic business building: small textile chemicals → Rs.500 Cr diversified platform. Multiple acquisitions integrated.,12 — Textile specialty + animal nutrition + personal care = diversified specialty. Some China+1. Not premium tailwind like pharma CDMO but solid across three sectors.,"10 — Revenue ~Rs.500 Cr FY25 (borderline). Multiple acquisitions (Unitop Aromatics, Tristar Intermediates) signal growth. Signals: Facility + Financial (2 of 5).",10 — BSE-listed with structured IR. Multiple acquisitions imply integration planning systems. Professional management layer. Structured quarterly concalls.,10 — Two founding co-MDs with distinct roles. Professional management hired. Some board governance depth.,72,B — Probable Federer,PASS (City Caveat + Revenue Borderline),"Both caveats need QA: (1) HQ is Mumbai — Gujarat manufacturing at Dahej/Jambusar qualifies but not primary HQ; (2) revenue is ~Rs.500 Cr — borderline. Otherwise solid Federer: two co-founders, differentiated specialty formulations, diversified market approach.",Two co-founders building a diversified specialty chemicals platform from their Dahej SEZ Gujarat plant — pivoting from textile chemicals into animal nutrition and personal care ingredients.,rossari.com; BSE annual report FY25; screener.in; Indian Chemical News,Yes — verify Gujarat manufacturing HQ (primary ops may be Mumbai)
10,Sulphur Mills Limited,sulphurmills.com,"Ahmedabad, Gujarat",Performance Chemicals — Agri-Inputs,"Wettable sulphur (WP/WDG), sulphur-based fungicides and plant nutrition products. India's largest manufacturer of sulphur for agricultural use. Proprietary micronisation and granulation technology.",Rs.100–300 Cr (est. ~Rs.150–250 Cr — private unlisted; financials via MCA/Tofler),Rajan Shah,CMD,Promoter-family. Commerce background. 65+ years of family business in agricultural sulphur processing. Operator archetype with deep domain.,PASS — Manufacturing/processing plant at Ahmedabad GIDC. India's largest sulphur agricultural processing facility. In-house micronisation and granulation.,PASS — Ahmedabad Gujarat headquarters and manufacturing.,20 — India's largest manufacturer of wettable sulphur for agriculture — 65-year documented market position. Proprietary granulation and micronisation technology. Specialised formulations not easily replicated.,8 — Commerce-background promoter. 65-year family domain depth signals deep operational knowledge. Below the scientist/systems-builder threshold but operator archetype with proven longevity.,15 — Sulphur-based fungicides: stable large Indian agriculture market. Organic farming transition driving specialty sulphur demand. PLI for agri-inputs adjacency.,8 — Revenue growing. Some product launches. 1-2 growth signals (Financial + possibly Website) confirmed. Not all 5 clearly confirmed from public sources.,0 — No public evidence of ERP/SAP. No IT roles visible on LinkedIn. Large-scale processing suggests some basic accounting but no structured digital operations confirmed.,0 — Rajan Shah appears single dominant figure. No visible gen-2 or professional management layer from public sources.,51,C — Borderline,BORDERLINE,"Strong C3 (India's largest sulphur agri-manufacturer, 65 years, proprietary technology) and C5. But C7 = 0 (no systems evidence) and C8 = 0 (no succession evidence) drag the score structurally. Include in borderline bucket pending QA on ERP adoption and management depth.",India's largest manufacturer of wettable sulphur for agriculture — 65 years of market presence with proprietary micronisation technology in Ahmedabad.,sulphurmills.com; MCA filings; industry sources; Indiamart company profile,Yes — verify ERP/systems evidence + revenue via MCA
11,Narmada Chematur Petrochemicals,ncplindia.com,"Bharuch, Gujarat",Custom Synthesis — Specialty Petrochemicals,TDI (Toluene Diisocyanate) — India's sole manufacturer. Specialty isocyanates for polyurethane foam/coatings/adhesives.,Rs.100–300 Cr (est. ~Rs.200 Cr — unlisted JV; financials via MCA),"Promoter JV group (Indian promoters + Chematur Engineering AB, Sweden)",CMD (JV-led),JV between Indian promoters and Chematur Engineering (Swedish). Technical knowledge embedded in JV. Specific Indian promoter DM not easily identifiable from public sources — critical QA item.,PASS — Plant at Bharuch GIDC. Sole Indian phosgene-based TDI manufacturing facility.,PASS — Bharuch Gujarat — plant and registered presence.,20 — ONLY Indian manufacturer of TDI (Toluene Diisocyanate). Extreme entry barrier: phosgene chemistry + environmental clearances + specialised technology + safety regulations. Monopoly position in a critical polyurethane input.,8 — JV structure with Swedish technical partner. Technical knowledge in JV design. Indian promoter side not easily verifiable. Moderate by default — JV implies technical capability but founder-owner conviction uncertain.,15 — TDI for polyurethane: construction/furniture/auto foam demand growing. China+1. India Make-in-India for construction sector.,8 — Revenue ~Rs.200 Cr. 1 signal (Facility — existing plant) confirmed. Single-product manufacturer with limited growth visibility from public data.,10 — Phosgene/isocyanate chemistry mandates rigorous safety management systems (GHS/ADR compliance required legally). Quality systems structurally mandatory. Not ERP-confirmed explicitly.,0 — JV structure. No visible succession or family gen-2 dynamics. Professional management.,61,B — Probable Federer,"BORDERLINE (Strong C3, DM Unclear)",India's only TDI manufacturer is a very strong C3 score. But JV structure means the Indian DM is unclear from public sources. Recommend human QA before including — verify who the operational decision-maker is and whether they have capability-building orientation.,India's only manufacturer of TDI (Toluene Diisocyanate) — sole domestic supplier of a critical polyurethane input from its Bharuch plant.,ncplindia.com; MCA filings; chemical sector reports; company website,Yes — verify DM identity and decision-making authority (JV structure)
12,Satyam Pharma Chem,satyampharma.com,"Ankleshwar, Gujarat",Custom Synthesis — Pharma Intermediates,API intermediates and specialty chemical synthesis for pharma export customers. GMP-certified. Ankleshwar GIDC.,Rs.50–100 Cr (est. — unlisted),Promoter family,MD,Pharma background. GMP-certified operations imply some technical grounding. Limited public information available.,PASS — Ankleshwar GIDC plant. GMP-certified manufacturing.,PASS — Ankleshwar Gujarat.,15 — GMP-certified pharma intermediate manufacturer — some regulatory differentiation. No USFDA-level moat confirmed but GMP is a meaningful step above commodity synthesis.,8 — Implied technical background from GMP pharma operations. Not verifiable from public sources.,15 — Pharma intermediates tailwind. Ankleshwar cluster presence for agrochem/pharma supply chains.,0 — No public growth signals confirmed. Unlisted with minimal public data.,10 — GMP certification implies SOPs and documented quality systems — this is a meaningful C7 signal even without explicit ERP confirmation.,0 — No succession data available.,48,C — Borderline,"BORDERLINE (GMP+, Evidence Thin)","GMP certification is a positive C3 and C7 signal. But no USFDA, no BSE listing, very limited public data for any criterion. Borderline — human QA required to verify revenue, DM background, and growth signals before including.",GMP-certified specialty pharma intermediate manufacturer in Ankleshwar — supplying export customers from Asia's largest chemical industrial estate.,satyampharma.com; GIDC cluster research; limited public data available,"Yes — verify revenue + evidence depth (GMP positive, but sources thin)"
13,Bodal Chemicals,bodalchemicals.com,"Ahmedabad, Gujarat",Performance Chemicals — Dyes & Intermediates,"H-acid, vinyl sulphone, reactive dyes, sulpho acids. One of India's largest dye intermediate manufacturers.",Rs.300–500 Cr (~Rs.450 Cr FY24 — revenue declining FY25),Suresh Patel,CMD,Commerce background. 30+ years in textile chemicals. Operator-founder archetype without technical credentials.,PASS — Manufacturing plants at Vatva GIDC Ahmedabad and Dahej.,PASS — HQ and primary manufacturing in Ahmedabad.,"10 — Large producer of H-acid and vinyl sulphone but bulk commodity intermediates. Direct price competition from China. No patents, no DSIR, no USFDA.",8 — Commerce background. Non-technical operator with large-scale production. Limited evidence of structured digital operations.,8 — Textile chemicals: moderate China+1. Some reactive dye export demand. Sector commoditised and under pricing pressure.,0 — Revenue declining FY25 below FY24. No new capacity or expansion announced. 0 of 5 growth signals met.,0 — No confirmed ERP/SAP. No IT roles visible on LinkedIn. No evidence of structured digital systems.,0 — Suresh Patel is single dominant figure. No visible gen-2 or professional management layer.,26,D — Not ICP,FAIL (Commodity + No Systems + Revenue Declining),"Fails C3 (commodity H-acid/VS with no moat), C6 (declining revenue — 0 signals), C7 (zero systems evidence), C8 (no succession). Revenue qualifies but profile does not. Commodity nature means every criterion DT cares about is weak or absent.",—,bodalchemicals.com; BSE filings FY24-25; screener.in,No
14,Bhageria Industries,bhageria.com,"Ahmedabad, Gujarat",Performance Chemicals — Dyes & Intermediates,"H-acid, vinyl sulphone, reactive dye intermediates, sulphuric acid. Non-core solar IPP business.",Rs.100–300 Cr,Arun Bhageria,CMD,Commerce background. Solar IPP entry signals opportunistic diversification rather than focused operational development.,PASS — Manufacturing plant at Vatva GIDC Ahmedabad.,PASS — HQ and plant in Ahmedabad.,"0 — H-acid and vinyl sulphone are bulk commodity intermediates. No patents, no DSIR, no USFDA. Direct Chinese price competition. Zero differentiation evidence.",0 — Commerce background with zero systems thinking evidence. No ERP. Solar IPP entry further dilutes focus.,8 — Dye intermediates: moderate China+1 tailwind only.,0 — Revenue declining FY24-25. No facility expansion. 0 of 5 growth signals met.,0 — No ERP/SAP. No IT roles. Basic statutory compliance only.,0 — Family-run by Arun Bhageria alone. No gen-2 visible. No professional senior management.,8,D — Not ICP,FAIL (Commodity Dyes — No Moat),"Fails on all criteria: C3 (bulk commodity, no moat), C4 (non-technical, non-systems), C6 (declining revenue), C7 (zero systems), C8 (no succession). Solar IPP entry signals distraction. Clear rejection.",—,bhageria.com; BSE annual report FY25; screener.in,No
15,Paushak Limited,paushak.com,"Vadodara, Gujarat",Custom Synthesis — Phosgene-Based Specialty Chemicals,"India's largest phosgene-based specialty chemicals manufacturer. Chloroformates, isocyanates, carbamoyl chlorides, acid chlorides, carbonates, carbamates. 14400 MT/year phosgene capacity.",Rs.100–300 Cr (~Rs.150 Cr FY25 — growth only 2.3%),Abhijit Joshi,MD & CEO,Professional manager — NOT founding family. Alembic Group (Chirayu/Malika/Udit Amin) is promoter. Paushak is a subsidiary of Alembic Limited. Chirayu Amin non-operating board member.,PASS — Manufacturing at Padra (Vadodara district). Phosgene-based derivatives plants. Responsible Care certified.,PASS — Vadodara Gujarat.,"20 — India's largest phosgene-based specialty chemicals manufacturer (14400 MT/year, recently tripled). CDMO capabilities. Responsible Care certified. Very strong C3.",8 — Professional manager without founding stake. Alembic Group (non-operating parent) owns the company. Key C4 and C8 disqualifier for Federer ICP.,15 — Phosgene derivatives for pharma/agrochem. China+1 — hazardous chemistry expertise scarce globally.,8 — FY25 revenue growth only 2.3% — weak year. Tripled phosgene capacity is positive. 1 signal (Facility/Certification) met.,10 — Alembic Group ownership implies structured governance. Safety management for phosgene handling structurally mandatory. Responsible Care certification confirmed.,8 — Alembic family at board level but non-operational. Professional CEO as MD. Some layer but no founder-building-capability dynamic.,61,C — Borderline,FAIL (Subsidiary — Structural Disqualifier),"Strong C3 (India's largest phosgene manufacturer) but fails the Federer test on two structural grounds: (1) subsidiary of Alembic Group — not an independent promoter-driven company; (2) professional manager CEO without founding conviction. DT requires a founder building capability, not a group subsidiary managed by a hired MD.",—,paushak.com; BSE filings; screener.in; Alembic Annual Report,No
16,AksharChem (India),aksharchem.com,"Himmatnagar, Gujarat",Performance Chemicals — Dyes,Vinyl sulphone reactive dyes. H-acid derivatives. Textile dye chemicals.,Rs.100–300 Cr (~Rs.150 Cr FY25 — revenue declining),Kantilal N Patel,CMD,Promoter-family. Commerce background. Veteran textile chemicals operator.,PASS — Manufacturing plant at Himmatnagar Gujarat GIDC.,PASS — Himmatnagar Gujarat.,0 — Vinyl sulphone and H-acid are bulk commodity dye intermediates. Direct price competition from China. No differentiation. No patents. No DSIR.,0 — Commerce background. No systems thinking evidence. No ERP.,8 — Textile chemicals China+1 tailwind is moderate only.,0 — Revenue declining FY24-25. 0 of 5 growth signals met.,0 — No ERP evidence. No IT roles visible.,0 — Solo promoter. No gen-2 visible.,8,D — Not ICP,FAIL (Commodity — Same as Bodal/Bhageria),"Commodity dye intermediates, commerce-background solo promoter, declining revenue, zero systems. The textile dye intermediate sector in Gujarat is filled with companies that look like specialty chemicals but are actually bulk commodity operators competing on price. Reject.",—,aksharchem.com; BSE filings FY25; screener.in,No
17,Safex Chemicals India,safexchemicals.com,"Ankleshwar, Gujarat",Custom Synthesis — Agrochemical Intermediates,Technical grade insecticides and fungicide intermediates. Specialty agrochemical synthesis for Indian and export markets.,Rs.50–100 Cr (est. — unlisted private),Promoter family,MD,Promoter-family-run company. Limited public information available.,PASS — Plant at Ankleshwar GIDC confirmed.,PASS — Ankleshwar Gujarat.,10 — Specialty agrochem intermediates with some technical synthesis capability. Insufficient public data to verify differentiation depth.,0 — Insufficient public information on DM background or systems building evidence.,15 — Agrochem China+1. India specialty synthesis tailwind.,0 — No confirmable growth signals from public data.,0 — No systems evidence from public sources.,0 — No succession data.,25,D — Not ICP,FAIL (Insufficient Evidence),"Cannot score with evidence — no verifiable public data on any criterion beyond basic existence. Per methodology: if uncertain about source, omit. Reject pending better research or direct outreach verification.",—,Attempted: no verifiable public data found sufficient to score,No
18,Sudev Industries,sudev.com,"Vapi, Gujarat",Custom Synthesis — Specialty Chemicals,Specialty chemical intermediates for pharma/agrochem. Vapi GIDC cluster operator.,Rs.50–100 Cr (est. unlisted),Promoter family,MD,Limited public information.,PASS — Vapi GIDC plant inferred.,PASS — Vapi Gujarat.,10 — Some specialty synthesis in Vapi cluster but no public data to verify differentiation.,0 — No verifiable data.,15 — Pharma/agrochem tailwind.,0 — No data.,0 — No data.,0 — No data.,25,D — Not ICP,FAIL (Insufficient Evidence),No website with verifiable content. No BSE filing. No LinkedIn data sufficient to verify any criterion. Reject on evidence grounds.,—,No verifiable public data,No
19,Tagros Chemicals India,tagros.com,"Ankleshwar, Gujarat (parent HQ: Chennai)",Custom Synthesis — Agrochem Intermediates,Specialty agrochemical intermediates and technical grades. Ankleshwar GIDC plant.,Rs.50–100 Cr (est. unlisted — listed in Narmada Cleantech GIDC directory),Tamil Nadu promoter group,CMD,South India-based promoter group with Ankleshwar plant. Limited public DM information.,PASS — Ankleshwar GIDC plant confirmed from Narmada Cleantech directory.,PARTIAL — Ankleshwar Gujarat plant confirmed. Appears to be a subsidiary of a Tamil Nadu promoter group. Gujarat plant qualifies; HQ Chennai.,15 — Some specialty agrochem synthesis. Ankleshwar cluster implies reasonable chemistry capability. But limited public data on differentiation depth.,0 — No verifiable DM credentials. Parent appears to be a Tamil Nadu group.,15 — Agrochem tailwind. Ankleshwar cluster.,0 — No confirmable growth signals.,0 — No systems evidence.,0 — Subsidiary of out-of-state group — Federer succession dynamic unlikely.,30,D — Not ICP,FAIL (Subsidiary + Insufficient Data),Subsidiary of a Tamil Nadu group with a Gujarat plant — not an independent promoter-driven company. Fails the Federer test on ownership structure. Reject.,—,Narmada Cleantech GIDC directory; limited web research,No
20,Aarti Industries,aartiindustries.com,"Vapi / Ankleshwar, Gujarat",Custom Synthesis & Specialty Chemicals,"Benzene-based derivatives: nitrobenzene, aniline, chlorobenzenes. Pharma and agrochem intermediates. CDMO with 10+ year contracts.","~Rs.7,000 Cr FY25 — AUTO-DISQUALIFIED",Rajendra Gogri,Chairman & MD,Chemical engineer from ICT Mumbai (UDCT). Founder and executive chairman.,PASS — 10+ manufacturing plants across Gujarat.,PASS — Manufacturing in Vapi and Ankleshwar Gujarat.,20 — DSIR R&D. 10+ year CDMO contracts. 100+ products. Process patents.,15 — ICT Mumbai chemical engineer founder. Gen-2 Renil Gogri is Joint MD.,15 — CDMO tailwind. China+1. Benzene chemistry serves pharma + agrochem.,15 — Revenue guidance 15% CAGR. Active CAPEX Rs.2000 Cr.,20 — SAP S/4HANA. Multiple ISO certifications.,15 — Gen-2 Renil Gogri is Joint MD. Multiple professional CXOs.,100,A — Strong Federer,"AUTO-DISQUALIFY (Revenue ~Rs.7,000 Cr)","Revenue ~Rs.7,000 Cr FY25 — dramatically above ceiling. Would score 100/100 on all criteria. Key lesson: Aarti was in ICP range 10 years ago but grew rapidly. ALWAYS check CURRENT revenue from latest BSE filing.",—,aartiindustries.com; BSE annual report FY25,N/A — Auto-Disqualified
21,Anupam Rasayan India,anupamrasayan.com,"Surat, Gujarat",Custom Synthesis & Specialty Chemicals,"Custom synthesis for 29 global MNCs: agrochem, pharma intermediates, polymer additives. Long-term LOI contracts.","~Rs.1,448 Cr FY25 — AUTO-DISQUALIFIED",Anand Desai,MD,Chemical engineer founder. Built ARIL over 35+ years.,PASS — Six manufacturing facilities in Gujarat.,PASS — HQ Surat Gujarat.,20 — Long-term CSM contracts with global MNCs. Fluorination capabilities. DSIR R&D.,15 — Chemical engineer founder. Rs.922 Cr LOI with Korean MNC signed Mar 2025.,15 — Agrochem China+1. Pharma tailwind. Fluorination pipeline.,"15 — FY25 revenue Rs.1,448 Cr. FY26 guidance 30–35% growth.",20 — BSE-listed. Systematic documentation for MNC audits.,15 — Anand Desai + professional management building.,100,A — Strong Federer,"AUTO-DISQUALIFY (Revenue Rs.1,448 Cr)","Revenue Rs.1,448 Cr FY25 — nearly 3x above ceiling. Perfect Federer profile. Rs.922 Cr 10-year LOI alone confirms scale mismatch. In 2019-2020 Anupam Rasayan WAS in ICP range — shows how fast Gujarat specialty chemical companies escape the band.",—,anupamrasayan.com; BSE annual report FY25,N/A — Auto-Disqualified
22,Aether Industries,aether.co.in,"Surat, Gujarat",Custom Synthesis & Specialty Chemicals,"Advanced intermediates for pharma (48% revenue), agrochem (23%), material science, coatings. Complex differentiated chemistry.",~Rs.838 Cr FY25 — AUTO-DISQUALIFIED,Ashwin Desai,Founder & MD,B.E. Chemical Engineering from ICT Mumbai. Four Desai family members are co-founders with active operational roles.,PASS — Plants at GIDC Sachin (Surat). Multiple production blocks.,PASS — HQ and manufacturing in Surat Gujarat.,20 — Complex differentiated chemistry for global pharma/agrochem. Proprietary process development. 44% revenue CAGR FY18-23.,15 — ICT Mumbai chemical engineer founder. All 4 Desai family members are co-founding operators.,15 — Pharma CDMO tailwind. Specialty agrochem. Multiple end-markets.,15 — FY25 revenue Rs.838 Cr (+40% YoY). PAT Rs.158 Cr (+92% YoY).,20 — BSE-listed. ESOP scheme. Structured quarterly IR. Quality systems for global innovator pharma customers.,15 — Four co-founding Desai family members all active. Near-perfect succession.,100,A — Strong Federer,AUTO-DISQUALIFY (Revenue Rs.838 Cr),"Revenue Rs.838 Cr FY25 — above Rs.500 Cr ceiling. Would score 100/100 — textbook Federer with ICT founder, multi-family founding team, pharma CDMO moat, 40% revenue growth. Aether was in ICP range in FY21-22 (Rs.450 Cr) but grew past it. Most instructive revenue ceiling disqualification in this Gujarat batch.",—,aether.co.in; BSE FY25 annual report; Business Standard FY25 results,N/A — Auto-Disqualified
23,Ami Organics (Acutaas Chemicals),acutaas.in,"Surat, Gujarat",Custom Synthesis & Specialty Chemicals,Advanced pharma intermediates. Electrolyte additives for Li-ion batteries. USFDA approved. CDMO for global innovators.,"~Rs.1,000+ Cr FY25 — AUTO-DISQUALIFIED",Naresh Patel,Chairman & MD,B.E. Chemical Engineering from Gujarat University. Co-founder with 20+ years building process patents.,PASS — Three facilities: Sachin-Surat + Ankleshwar + Jhagadia.,PASS — HQ Surat Gujarat.,20 — 10+ process patents. 50–90% market share in several pharma intermediates. USFDA approved.,15 — B.E. Chemical Engineering founder. Process patents built from scratch.,15 — CDMO pharma tailwind. Li-ion EV tailwind. 500+ customers in 45 countries.,"15 — Rs.1,000+ Cr FY25 (+35% guidance). CDMO pipeline strong.",20 — Large structured organisation. USFDA compliance.,15 — Naresh Patel + Chetan Vaghasia co-founders. Professional WTD-level management.,100,A — Strong Federer,"AUTO-DISQUALIFY (Revenue Rs.1,000+ Cr)","Revenue crossed Rs.1,000 Cr in FY25 — dramatically above ceiling. Would score 100/100. Critical lesson: Ami Organics was in ICP range in FY18-21 but grew 10x in 5 years. Gujarat specialty chemical companies can escape the band extremely fast.",—,acutaas.in; BSE FY25 annual report,N/A — Auto-Disqualified
24,Fine Organic Industries,fineorganics.com,"Ambernath, MAHARASHTRA — City disqualification",Custom Synthesis & Specialty Chemicals — Oleochemicals,"Oleochemical-based specialty additives — slip agents, anti-blocking agents, lubricants, emulsifiers for plastics/rubber/food/cosmetics. India's only manufacturer of several oleochemical additives.",Rs.300–500 Cr (Rs.480 Cr FY25),Mukesh Shah,CMD,Chemical engineer founder. Sons Tushar and Jayen Shah are Executive Directors.,PASS — Plant at Ambernath Maharashtra.,"FAIL — Maharashtra, not Gujarat. City disqualification.",20 — Only Indian manufacturer of multiple oleochemical additives. EU-GMP. Exports 75+ countries. DSIR R&D. Process patents.,15 — Chemical engineer founder with 35 years domain expertise. Classic gen-2 succession.,15 — Oleochemical additives demand globally.,15 — Revenue growing. New products. Active hiring.,20 — SAP confirmed. ISO. Structured quality systems.,15 — Gen-2 sons Tushar and Jayen as EDs.,100,A — Strong Federer,AUTO-DISQUALIFY (City — Maharashtra),"Perfect Federer profile — only Indian manufacturer of several additives, science-founder, gen-2 succession, SAP, DSIR, EU-GMP. Ambernath Maharashtra disqualifies. Documented to demonstrate city discipline.",—,fineorganics.com; BSE annual report,N/A — Auto-Disqualified
25,Alkali Metals Limited,alkalimetals.com,"Hyderabad, TELANGANA — City disqualification",Custom Synthesis — Specialty Heterocyclics,Niche tetrazole and pyridine derivative chemistry. Specialty sodium and potassium metal derivatives for pharma and agrochem.,Rs.50–100 Cr (Rs.82 Cr),Y.S.R. Venkata Rao,MD (Gen-2),"B.E. Mechanical + Fellow IEI. Board includes Dr. J.S. Yadav (former Director, IICT Hyderabad).",PASS — Manufacturing in Hyderabad and Vizag.,"FAIL — Hyderabad Telangana, not Gujarat. City disqualification.",20 — Niche tetrazole/pyridine chemistry. USFDA-approved Vizag unit. Deep accumulated process knowledge.,15 — Gen-2 MD. Board includes Dr. J.S. Yadav (former Director IICT Hyderabad) — serious technical governance.,15 — Specialty chemicals China+1. Pharma supply chain diversification.,15 — Revenue Rs.82 Cr growing. USFDA approval signals deliberate regulated export pivot.,10 — Some systems.,8 — Gen-2 MD.,83,A — Strong Federer,AUTO-DISQUALIFY (City — Telangana),"Strong Federer profile. Gen-2 technical MD, niche chemistry, USFDA-approved manufacturing, eminent board. But Hyderabad Telangana disqualifies from this Gujarat-focused ICP exercise. Documented for city discipline.",—,alkalimetals.com; BSE filings; USFDA facility approval database,N/A — Auto-Disqualified
